INTL_20160320_000001	+1 дополнительный вход для Миссий и Подземелий
INTL_20160320_000002	Дает Token привилегии для всех персонажей на сервере на 30 дней. Щелкните правой кнопкой мыши, чтобы использовать.{nl}Token привелегии:{nl} - Возможность выучить 2 атрибута одновременно{nl} - Уменьшение комиссии на аукционе с (30% {img white_right_arrow 16 16} 10%){nl} - Возможность выставить до 5 предметов на аукционе{nl} - +3 к Скорости Передвижения{nl} - +30% EXP за убийство монстров{nl} - Возможность использовать Премиум Жесты{nl} - Возможность использовать Личный торг 30 раз{nl} - 1 дополнительный вход для Миссий и Подземелий
INTL_20160320_000003	Дает Token привилегии для всех персонажей на сервере на 60 дней. Щелкните правой кнопкой мыши, чтобы использовать.{nl}Token привелегии:{nl} - Возможность выучить 2 атрибута одновременно{nl} - Уменьшение комиссии на аукционе с (30% {img white_right_arrow 16 16} 10%){nl} - Возможность выставить до 5 предметов на аукционе{nl} - +3 к Скорости Передвижения{nl} - +30% EXP за убийство монстров{nl} - Возможность использовать Премиум Жесты{nl} - Возможность использовать Личный торг 60 раз{nl} - 1 дополнительный вход для Миссий и Подземелий
INTL_20160323_000004	- Возможность выучить 2 атрибута одновременно{nl} - Уменьшение комиссии на аукционе с (30% {img white_right_arrow 16 16} 10%){nl} - Возможность выставить до 5 предметов на аукционе{nl} - +3 к Скорости Передвижения{nl} - Возможность использовать Личный торг 30 раз
INTL_20160326_000005	Дает Token привилегии для всех персонажей на сервере на 60 дней. Щелкните правой кнопкой мыши, чтобы использовать.{nl}Token привелегии:{nl} - Возможность выучить 2 атрибута одновременно{nl} - Уменьшение комиссии на аукционе с (30% {img white_right_arrow 16 16} 10%){nl} - Возможность выставить до 5 предметов на аукционе{nl} - +3 к Скорости Передвижения{nl} - +30% EXP за убийство монстров{nl}(Складывается с EXP Tome эффектом){nl} - Возможность использовать Премиум Жесты{nl} - Увеличивает максимальное кол-во положительных эффектов. {nl} - Возможность использовать Личный торг 60 раз
INTL_20160326_000006	Token: 30 дней
INTL_20160329_000007	10x Enchant Scroll Box
INTL_20160329_000008	Содержит 10 Enchant Scrolls. Правый клик для использования.
INTL_20160329_000009	10x Megaphone Box
INTL_20160329_000010	Содержит 10 Megaphone. Правый клик для использования.
INTL_20160419_000011	Получить 455 TP.
INTL_20160419_000012	Получить 266 TP.
INTL_20160419_000013	Получить 112 TP.
INTL_20160419_000014	Щелкните правой кнопкой мыши, чтобы получить следующие предметы:{nl} - 455 TP{nl} - Token (60 дней){nl} - Аксессуар для головы - Popolion Doll{nl} - Аксессуар для головы - Hanaming Doll{nl} - Hoglan Companion Voucher{nl} - Stat Reset Potion{nl} - Skill Reset Potion{nl}
INTL_20160419_000015	Щелкните правой кнопкой мыши, чтобы получить следующие предметы:{nl} - 266 TP{nl} - Аксессуар для головы - Popolion Doll{nl}
INTL_20160425_000016	Дает Token привилегии для всех персонажей на сервере на 60 дней. Щелкните правой кнопкой мыши, чтобы использовать.{nl}Token привелегии:{nl} - Возможность выучить 2 атрибута одновременно{nl} - Уменьшение комиссии на аукционе с (30% {img white_right_arrow 16 16} 10%){nl} - Возможность выставить до 5 предметов на аукционе{nl} - +3 к Скорости Передвижения{nl} - +20% EXP за убийство монстров{nl} - Возможность использовать Премиум Жесты{nl} - Увеличивает максимальное кол-во положительных эффектов. {nl} - Возможность использовать Личный торг 60 раз
INTL_20160425_000017	Дает Token привилегии для всех персонажей на сервере на 30 дней. Щелкните правой кнопкой мыши, чтобы использовать.{nl}Token привелегии:{nl} - Возможность выучить 2 атрибута одновременно{nl} - Уменьшение комиссии на аукционе с (30% {img white_right_arrow 16 16} 10%){nl} - Возможность выставить до 5 предметов на аукционе{nl} - +3 к Скорости Передвижения{nl} - +30% EXP за убийство монстров{nl} - Возможность использовать Премиум Жесты{nl} - Увеличивает максимальное кол-во положительных эффектов. {nl} - Возможность использовать Личный торг 30 раз{nl} - 1 дополнительный вход для Миссий и Подземелий
INTL_20160425_000018	Дает Token привилегии для всех персонажей на сервере на 60 дней. Щелкните правой кнопкой мыши, чтобы использовать.{nl}Token привелегии:{nl} - Возможность выучить 2 атрибута одновременно{nl} - Уменьшение комиссии на аукционе с (30% {img white_right_arrow 16 16} 10%){nl} - Возможность выставить до 5 предметов на аукционе{nl} - +3 к Скорости Передвижения{nl} - +30% EXP за убийство монстров{nl} - Возможность использовать Премиум Жесты{nl} - Увеличивает максимальное кол-во положительных эффектов. {nl} - Возможность использовать Личный торг 60 раз{nl} - 1 дополнительный вход для Миссий и Подземелий
INTL_20160426_000019	Дает Token привилегии для всех персонажей на сервере на 60 дней. Щелкните правой кнопкой мыши, чтобы использовать.{nl}Token привелегии:{nl} - Возможность выучить 2 атрибута одновременно{nl} - Уменьшение комиссии на аукционе с (30% {img white_right_arrow 16 16} 10%){nl} - Возможность выставить до 5 предметов на аукционе{nl} - +3 к Скорости Передвижения{nl} - +30% EXP за убийство монстров{nl}(Складывается с EXP Tome эффектом){nl} - Возможность использовать Премиум Жесты{nl} - Увеличивает максимальное кол-во положительных эффектов. {nl} - Возможность использовать Личный торг 60 раз{nl} - 1 дополнительный вход для Миссий и Подземелий
INTL_20160426_000020	Дает Token привилегии для всех персонажей на сервере на 30 дней. Щелкните правой кнопкой мыши, чтобы использовать.{nl}Token привелегии:{nl} - Возможность выучить 2 атрибута одновременно{nl} - Уменьшение комиссии на аукционе с (30% {img white_right_arrow 16 16} 10%){nl} - Возможность выставить до 5 предметов на аукционе{nl} - +3 к Скорости Передвижения{nl} - +30% EXP за убийство монстров{nl} - Возможность использовать Премиум Жесты{nl} - Увеличивает максимальное кол-во положительных эффектов. {nl} - Возможность использовать Личный торг 30 раз{nl} - 1 дополнительный вход для Миссий и Подземелий
INTL_20160426_000021	Дает Token привилегии для всех персонажей на сервере на 60 дней. Щелкните правой кнопкой мыши, чтобы использовать.{nl}Token привелегии:{nl} - Возможность выучить 2 атрибута одновременно{nl} - Уменьшение комиссии на аукционе с (30% {img white_right_arrow 16 16} 10%){nl} - Возможность выставить до 5 предметов на аукционе{nl} - +3 к Скорости Передвижения{nl} - +30% EXP за убийство монстров{nl}(Складывается с EXP Tome эффектом){nl} - Возможность использовать Премиум Жесты{nl} - Увеличивает максимальное кол-во положительных эффектов. {nl} - Возможность использовать Личный торг 60 раз{nl} - 1 дополнительный вход для Миссий и Подземелий
INTL_20160512_000022	Нажми, чтобы получить следующие предметы:{nl} - 190 TP{nl} - Token (15 дней){nl} - По 20 Highly Condensed HP/SP Potion{nl} - 15x Soul Crystal{nl} - 15x Megaphone{nl} - 15x Warp Scroll{nl}
INTL_20160512_000023	Получить 190 TP.
INTL_20160512_000024	Нажми, чтобы получить следующие предметы:{nl} - Token (30 дней){nl} - 4x Enchant Scroll{nl} - 5x Instanced Dungeon Reset Voucher{nl}
INTL_20160728_000025	Дает Token привилегии для всех персонажей на сервере на 30 дней. Щелкните правой кнопкой мыши, чтобы использовать.{nl}Token привелегии:{nl} - Возможность выучить 2 атрибута одновременно{nl} - Уменьшение комиссии на аукционе с (30% {img white_right_arrow 16 16} 10%){nl} - Возможность выставить до 5 предметов на аукционе{nl} - +3 к Скорости Передвижения{nl} - +30% EXP за убийство монстров{nl} - Возможность использовать Премиум Жесты{nl} - Увеличивает максимальное кол-во положительных эффектов. {nl} - Возможность использовать Личный торг 30 раз{nl} - 1 дополнительный вход для Миссий и Подземелий
INTL_20160728_000026	Дает Token привилегии для всех персонажей на сервере на 60 дней. Щелкните правой кнопкой мыши, чтобы использовать.{nl}Token привелегии:{nl} - Возможность выучить 2 атрибута одновременно{nl} - Уменьшение комиссии на аукционе с (30% {img white_right_arrow 16 16} 10%){nl} - Возможность выставить до 5 предметов на аукционе{nl} - +3 к Скорости Передвижения{nl} - +30% EXP за убийство монстров{nl} - Возможность использовать Премиум Жесты{nl} - Увеличивает максимальное кол-во положительных эффектов. {nl} - Возможность использовать Личный торг 60 раз{nl} - 1 дополнительный вход для Миссий и Подземелий
INTL_20160728_000027	Дает Token привилегии для всех персонажей на сервере на 30 дней. Щелкните правой кнопкой мыши, чтобы использовать.{nl}Token привелегии:{nl} - Возможность выучить 2 атрибута одновременно{nl} - Уменьшение комиссии на аукционе с (30% {img white_right_arrow 16 16} 10%){nl} - Возможность выставить до 5 предметов на аукционе{nl} - +3 к Скорости Передвижения{nl} - +30% EXP за убийство монстров{nl} - Возможность использовать Премиум Жесты{nl} - Увеличивает максимальное кол-во положительных эффектов. {nl} - 1 дополнительный вход для Миссий и Подземелий
INTL_20160728_000028	Дает Token привилегии для всех персонажей на сервере на 7 дней. Щелкните правой кнопкой мыши, чтобы использовать.{nl}Token привелегии:{nl}  - Возможность выучить 2 атрибута одновременно{nl} - Уменьшение комиссии на аукционе с (30% {img white_right_arrow 16 16} 10%){nl} - Возможность выставить до 5 предметов на аукционе{nl} - +3 к Скорости Передвижения{nl} - +30% EXP за убийство монстров{nl} - Возможность использовать Премиум Жесты{nl} - Увеличивает максимальное кол-во положительных эффектов. {nl} - 1 дополнительный вход для Миссий и Подземелий
INTL_20161107_000029	Щелкните правой кнопкой мыши, чтобы получить следующие предметы:{nl} - 150x Highly Enriched HP Potion {nl} -  150x Highly Enriched SP Potion {nl}- 20x Honey Dumpling {nl}- 20x Settlement Support Potion{nl}- 10x Instance Clear Voucher {img star_mark 20 20}{nl}- 20x Soul Crystal{nl} - 30x Warp Scroll {nl}- 10x Enchant Scroll{nl} - 1x Skill Reset Potion{nl}- 1x Stat Reset Potion
INTL_20161114_000030	Рынок продажи серебра задержка платежа: 24 часа.
INTL_20161114_000031	Продажа серебра задержка оплаты с Token: 1 час.
INTL_20161114_000032	Продажа серебра задержка оплаты с Token: 24 часа.
INTL_20161121_000033	Щелкните правой кнопкой мыши, чтобы получить следующие предметы:{nl} - 100x Highly Condensed HP Potion {nl} -  100x Highly Condensed SP Potion {nl}- 10x Honey Dumpling {nl}- 10x Settlement Support Potion{nl}- 5x Instanced Clear Voucher {img star_mark 20 20}{nl} - 1x Skill Reset Potion{nl}- 1x Stat Reset Potion
INTL_20161214_000034	Пользователей Token не касается.
INTL_20161214_000035	Будет ли Token продаваться после продажи на Рынке? (1: для продажи, 0: не для продажи)
INTL_20170510_000036	Щелкните правой кнопкой мыши, чтобы получить следующие предметы:{nl} - Token: 7 дней [Event]{nl} - Enchant Scroll (14 Days) x10{nl} - Emote Plus: Popolion{nl}- Simple Costume Box{nl}- Imperial Fan (30 дней){nl} - Red Beret{nl} - Light Salmon Dye{nl} - Crimson Contact Lenses{nl} - Lv2 Settlement Support Potion x10{nl} -Keista Restoration Potion Lv2 x20
INTL_20170605_000037	Корона, созданная от имени безымянной королевы.{nl} Можно обменять на медали в Магазине Обмена.
INTL_20170605_000038	Инструмент, изготовленный из длинного эластичного материала, если приложить усилие, производит ток при вращении.{nl} Можно обменять на медали в Магазине Обмена.
INTL_20170605_000039	Инструмент, используется для быстрой выпечки хлеба.{nl} Можно обменять на медали в Магазине Обмена.
INTL_20170605_000040	Самый продвинутый способ передачи информации.{nl} Можно обменять на медали в Магазине Обмена.
INTL_20170703_000041	Да, поворот головы примерно на 270 градусов возможен!{nl}Можно обменять на медали в Магазине Обмена.
INTL_20170703_000042	Маленькая фигурка, вырезанная Dievdirbys.{nl}Можно обменять на медали в Магазине Обмена.
INTL_20170728_000043	СПАРТААААА!!!{nl}Можно обменять на медали в Магазине Обмена.
INTL_20170925_000044	Дает Token привилегии для всех персонажей на сервере на 30 дней. Щелкните правой кнопкой мыши, чтобы использовать.{nl}[Token привелегии]{nl} - Возможность мгновенно изучать атрибуты{nl} - Уменьшение комиссии на аукционе с (30% {img white_right_arrow 16 16} 10%){nl} - Возможность выставить до 10 предметов на аукционе{nl} - +3 к Скорости Передвижения{nl} - +30% EXP за убийство монстров{nl} - Возможность использоать премиум жесты {nl} - Увеличено максимальное количество баффов{nl} - Возможность использовать Личный торг 30 раз{nl} - 1 дополнительный вход для Миссий и Подземелий
INTL_20170925_000045	Дает Token привилегии для всех персонажей на сервере на 30 дней. Щелкните правой кнопкой мыши, чтобы использовать.{nl}[Token привелегии]{nl} - Возможность мгновенно изучать атрибуты{nl} - Уменьшение комиссии на аукционе с (30% {img white_right_arrow 16 16} 10%){nl} - Возможность выставить до 10 предметов на аукционе{nl} - +3 к Скорости Передвижения{nl} - +30% EXP за убийство монстров{nl} - Возможность использоать премиум жесты{nl} - Увеличено максимальное количество баффов{nl} - Возможность использовать Личный торг 30 раз{nl} - 1 дополнительный вход для Миссий и Подземелий
INTL_20170925_000046	Дает Token привилегии для всех персонажей на сервере на 60 дней. Щелкните правой кнопкой мыши, чтобы использовать.{nl}[Token привелегии]{nl} - Возможность выучить 2 атрибута одновременно{nl} - Уменьшение комиссии на аукционе с (30% {img white_right_arrow 16 16} 10%){nl} - Возможность выставить до 10 предметов на аукционе{nl} - +3 к Скорости Передвижения{nl} - +30% EXP за убийство монстров{nl}(Сумируется с EXP Tome){nl} - Возможность использоать премиум жесты{nl} - Увеличено максимальное количество баффов{nl} - Возможность использовать Личный торг 60 раз{nl} - 1 дополнительный вход для Миссий и Подземелий
INTL_20170925_000047	Applies Token benefits to all your characters in the server for 7 days. Щелкните правой кнопкой мыши, чтобы использовать.{nl}[Token привелегии]{nl} - Возможность мгновенно изучать атрибуты{nl} - Уменьшение комиссии на аукционе с (30% {img white_right_arrow 16 16} 10%){nl} - Возможность выставить до 10 предметов на аукционе{nl} - +3 к Скорости Передвижения{nl} - +30% EXP за убийство монстров{nl} - Возможность использоать премиум жесты{nl} - Увеличено максимальное количество баффов{nl} - 1 дополнительный вход для Миссий и Подземелий
INTL_20171013_000048	Special Transformation Scroll
INTL_20171013_000049	Свиток, который позволяет трансформировать.
INTL_20171013_000050	Используйте для выбора оружия 315 ур.
INTL_20171023_000051	Щелкните правой кнопкой мыши, чтобы получить следующие предметы:{nl}- Puppy Balloon x1{nl}- Diamond Anvil x1{nl}- Golden Anvil x3{nl}- Silver Anvil x3{nl}- Enhancement Coupon: 100,000 Серебра x10{nl}- Attribute Points: 1,000 x1{nl}- Highly Condensed HP Potion x20{nl}- Highly Condensed SP Potion x20{nl}- Lv2 Settlement Support Potion x10{nl}- Goddess Statue x5{nl}- Highly Condensed Movement Speed Potion x5
INTL_20171103_000052	Cursed Doll Cube
INTL_20171205_000053	- Возможность мгновенно изучать атрибуты{nl} - Уменьшение комиссии на аукционе с (30% {img white_right_arrow 16 16} 10%){nl} - Возможность выставить до 10 предметов на аукционе{nl} - +3 к Скорости Передвижения{nl} - 1 дополнительный вход для Миссий и Подземелий
INTL_20171205_000054	Дает Token привилегии для всех персонажей на сервере на 30 дней. См. оставшееся время в разделе Информация о персонаже.{nl}[Token привелегии]{nl} - Возможность мгновенно изучать атрибуты{nl} - Уменьшение комиссии на аукционе с (30% {img white_right_arrow 16 16} 10%){nl} - Возможность выставить до 10 предметов на аукционе{nl} - Возможность регистрации товаров на рынке за пределами мин./макс. цен{nl} - Возможность забрать серебро с аукцион мгновенно{nl} - +30% EXP за убийство монстров{nl}(Сумируется с EXP Tome){nl} - Возможность использоать премиум жесты {nl} Дополнительная награда +1 с Saalus миссии{nl} - Возможность использовать Личный торг 30 раз{nl} - Скидка 2 Stone для Raid Dungeon
INTL_20171222_000055	Monster Card Album Box
INTL_20171222_000056	Щелкните правой кнопкой мыши, чтобы получить следующие предметы:{nl} - Monster Card Album: Red x1{nl} - Monster Card Album: Blue x1{nl} - Monster Card Album: Green x1{nl} - Monster Card Album: Purple x1
INTL_20180102_000057	Title - 2018 Happy New Year
INTL_20180102_000058	Ключ, полученный участниками события 2018 Happy New Year Wishes Greetings.{nl}Похоже он может открыть Gold Bars.
INTL_20180108_000059	Ключ, полученный участниками события 2018 Happy New Year Wishes Greetings.{nl}Похоже, он может открыть что-то вроде хранилища.
INTL_20180108_000060	Получил один Lucky Key за событие Facebook!{nl}(с 28 Декабря, 2017 по 9 Января, 2018)
INTL_20180108_000061	Vault
INTL_20180115_000062	Титул присвоено победителю события за самый высокий рейтинг: 4 New Classes Edition! фанарт фестиваль.
INTL_20180115_000063	Title - New Class Artist
INTL_20180115_000064	Титул присвоено победителю события за самый высокий рейтинг: 4 New Classes Edition! фанарт фестиваль. Щелкните правой кнопкой мыши, чтобы использовать.
INTL_20180122_000065	Goro Box
INTL_20180123_000066	Hunter's Buff - 1
INTL_20180123_000067	+20% EXP за охоту на монстров
INTL_20180123_000068	Hunter's Buff - 2
INTL_20180123_000069	+40% EXP за охоту на монстров
INTL_20180123_000070	Hunter's Buff - 3
INTL_20180123_000071	+60% EXP за охоту на монстров
INTL_20180123_000072	Hunter's Buff - 4
INTL_20180123_000073	+80% EXP за охоту на монстров
INTL_20180123_000074	Hunter's Buff - 5
INTL_20180202_000075	Box of Chocolates
INTL_20180202_000076	Прекрасная коробка конфет ручной работы на День святого Валентина. Используйте для получения +50% EXP за охоту на монстров на 1 час.
INTL_20180214_000077	Last Winter Buff
INTL_20180214_000078	+30% EXP за охоту на монстров
INTL_20180214_000079	Winter Key
INTL_20180214_000080	С его помощью можно открыть хранилище в Klaipeda.{nl}(Будет удален после окончания события.)
INTL_20180214_000081	Icicle (14 дней)
INTL_20180214_000082	Растопите его у огня и посмотрите, что внутри!{nl}(Будет удален после окончания события.)
INTL_20180214_000083	Соберите 10 Winter Keys, чтобы получить нового Winter Penguin питомца!
INTL_20180214_000084	Last Winter событие запущено.{nl}Не пропустите нового Winter Penguin питомца и многое другое!
INTL_20180214_000085	Соберите 10 Winter Keys, чтобы получить нового Winter Penguin питомца.{nl}(Ключи можно получить на доске событий каждый день.)
INTL_20180214_000086	Вы можете продолжать получать больше наград каждый день, используя Winter Keys!{nl}Каждый ключ, который вы используете чтобы открыть хранилище, дает вам новую награду.
INTL_20180214_000087	Вы уже используете этот бафф.
INTL_20180214_000088	Слишком рано, возвращайся позже.
INTL_20180214_000089	Last Winter
INTL_20180214_000090	Получить Last Winter Buff
INTL_20180214_000091	Получить Last Winter Gift
INTL_20180214_000092	Weekend EXP Helper
INTL_20180219_000093	Demon Prison Guild (Рекомендованный ур: 115){nl}Только вы и ваша пати могут войти.{nl}Вы уверены, что хотите войти?
INTL_20180219_000094	Fallen Legwyn Family (Рекомендованный ур: 230){nl}Только вы и ваша пати могут войти.{nl}Вы уверены, что хотите войти?
INTL_20180219_000095	Castle Underground (Рекомендованный ур: 300){nl}Только вы и ваша пати могут войти.{nl}Вы уверены, что хотите войти?
INTL_20180219_000096	EXP Helper
INTL_20180305_000097	 {nl}{CUBE}s открыто: {@st66d_y}{s18}{SUM}{/}{/}{nl}Открыть {@st66d_y}{s18}{COUNT}{/}{/} больше Cubes что бы получить награду {@st66d_y}{s18}{BOUNS}{/}{/} Cubes.{nl}Вы можете получить награду(s) за {@st66d_y}{s18}{REWARD}{/}{/} Cubes открыть.{nl}Хотите получить награду(ы) сейчас?
INTL_20180305_000098	 {nl}{CUBE}s открыто: {@st66d_y}{s18}{SUM}{/}{/}{nl}Открыть {@st66d_y}{s18}{COUNT}{/}{/} больше Cubes, чтобы получить награду {@st66d_y}{s18}{BOUNS}{/}{/} Cubes.
INTL_20180305_000099	Bonus Cube
INTL_20180312_000100	Титул присвоен победителям за 2nd Anniversary фан арт события.
INTL_20180312_000101	Title - Happy 2nd Anniversary!
INTL_20180312_000102	Титул победителя за 2nd Anniversary фан арт событие. Щелкните правой кнопкой мыши, чтобы использовать.
INTL_20180312_000103	 {nl}Вы были назначены в пати {@st66d_y}{s18}{TEAM}{/}{/}.{nl}Убивайте монстров что бы собрать {@st66d_y}{s18}{ITEM}s{/}{/}.
INTL_20180312_000104	Item Exchange
INTL_20180312_000105	Vaivora's Team Челенж
INTL_20180312_000106	Event Buff
INTL_20180316_000107	Сила петарды распространилась на всех членов пати.
INTL_20180316_000108	Shining Battlebird Egg
INTL_20180316_000109	2nd Anniversary Firecracker
INTL_20180316_000110	2nd Anniversary Event item.{nl}Увеличение скорости +4, AoE attack ratio +1 и получаемый EXP +25% для всей пати на 30 минут.
INTL_20180316_000111	Start 2nd Anniversary Event
INTL_20180316_000112	An event Warp Scroll.{nl}Используйте его что бы попасть к НПЦ 2nd Anniversary события.
INTL_20180316_000113	Steam 2nd Anniversary Arm Band
INTL_20180316_000114	Аксессуар повязка в честь 2х летия TOS в Steam.
INTL_20180316_000115	Smiley Orange
INTL_20180316_000116	GM Orange's little оранжевый друг. Этот своеобразный оранжевый известен своими многочисленными выражениями, что заставляет некоторых людей думать, что он был поражен  Medzio Diena.
INTL_20180316_000117	Sardine Coffee
INTL_20180316_000118	GM Papaya's чашка кофе. Хотя он содержит кофе (и сардину), содержимое чашки никогда не проливается, к большому удовольствию зрителей
INTL_20180316_000119	Spiral Glasses
INTL_20180316_000120	Знаменитые спиральные очки доктора NO. Носите их с банкой Красного Быка в руке для достижения наилучших результатов. Побочные эффекты: может вызвать головокружение.
INTL_20180316_000121	Shining Battlebird Egg Package
INTL_20180316_000122	Щелкните правой кнопкой мыши, чтобы использовать и получить предметы.{nl} - Shining Battlebird Egg x1{nl} - Battlebird Feed x50
INTL_20180316_000123	Shining Penguin Egg Package
INTL_20180316_000124	Щелкните правой кнопкой мыши, чтобы получить предметы.{nl} - Shining Penguin Egg x1{nl} - Sardine x50
INTL_20180316_000125	Щелкните правой кнопкой мыши, чтобы использовать и получить предметы.{nl} - Steam 2nd Anniversary Arm Ban x1d{nl} - Leaf Penguin Egg x1{nl} - Enhancement Coupon: 100,000 Серебра x10{nl}- Attribute Points: 1,000 x1{nl}- Event Warp Scroll - Start 2nd Anniversary Event x1{nl}- Highly Condensed HP Potion x20{nl}- Highly Condensed SP Potion x20{nl}- Lv2 Settlement Support Potion x10{nl}- 2nd Anniversary Firecracker x5{nl}- Goddess Statue x5{nl}- Highly Condensed Movement Speed Potion x5{nl}- Token: 15 Days [Event]
INTL_20180326_000126	List of Invited Masters
INTL_20180326_000127	В этом документе перечисленны все Class Masters приглашенные на TOS' 2nd anniversary celebrations.{nl}(Будет удален после окончания события.)
INTL_20180326_000128	Warp Scroll события.{nl}Используйте его что бы попасть к НПЦ 2nd Anniversary события.
INTL_20180326_000129	Title - Honorary TPP Reporter
INTL_20180326_000130	Титул присвоено почетным журналистам Popolion Post. Щелкните правой кнопкой мыши, чтобы использовать.
INTL_20180402_000131	Милый воздушный шар щенка. Будьте осторожны с колючими вещами рядом с ним.
INTL_20180402_000132	Daemon State Record Y/N [Верно:1, Не верно:0]
INTL_20180406_000133	Титул дан игрокам собравшим [Event] Revelations. Щелкните правой кнопкой мыши, чтобы использовать.
INTL_20180406_000134	[Event] Crystal Mine Revelation
INTL_20180406_000135	Событие Revelation.{nl}Можно обменять на титул у доски событий.
INTL_20180406_000136	Title - Crystal Mine Revelator
INTL_20180406_000137	Пожайулста получите сначала титул "Crystal Mine Revelator".
INTL_20180406_000138	Receive Title
INTL_20180406_000139	Receive Buff
INTL_20180406_000140	The First Revelation: Crystal Mine
INTL_20180418_000141	Восстановление 30 Stamina.{nl}Хорош для:{nl} - Velheider{nl} - Hoglan{nl} - Leaf Penguin{nl} - Baby Pig{nl} - Rocksodon{nl} - Armadillo{nl} - Golden Pup{nl} - Goro
INTL_20180420_000142	Fedimian's Hero Cube
INTL_20180420_000143	Куб присуждается отважным героям, которые спасли Fedimian от монстров.
INTL_20180503_000144	[Survey Event]{nl}   Prize Manager
INTL_20180514_000145	Rainbow Trek
INTL_20180514_000146	Нельзя использовать навыки.{nl}Возвращение в город через 60 минут.
INTL_20180514_000147	Attribute Points Box Rank S (x3)
INTL_20180514_000148	Коробка с 3 Rank S Attribute Points Boxes. Щелкните правой кнопкой мыши, чтобы получить.
INTL_20180514_000149	Artisan Diamond Anvil Box
INTL_20180514_000150	Коробка с 5 Diamond Anvils. Щелкните правой кнопкой мыши, чтобы получить.
INTL_20180514_000151	Artisan Weapon Secret Recipe Box (315 ур)
INTL_20180514_000152	Выберите рецепт 315 ур, который можно создать с меньшим количеством материалов. Щелкните правой кнопкой мыши, чтобы получить.
INTL_20180514_000153	Artisan Secret Recipe - Abdochar
INTL_20180514_000154	Artisan Secret Recipe - Sarkmis
INTL_20180514_000155	Artisan Secret Recipe - Skull Smasher
INTL_20180514_000156	Artisan Secret Recipe - Regard Horn Staff
INTL_20180514_000157	Artisan Secret Recipe - Heart of Glory
INTL_20180514_000158	Artisan Secret Recipe - Skull Breaker
INTL_20180514_000159	Artisan Secret Recipe - Emengard Dagger
INTL_20180514_000160	Artisan Secret Recipe - Wingshard Spear
INTL_20180514_000161	Artisan Secret Recipe - Regard Horn Pike
INTL_20180514_000162	Artisan Secret Recipe - Black Horn
INTL_20180514_000163	Artisan Secret Recipe - Regard Horn Crossbow
INTL_20180514_000164	Artisan Secret Recipe - Astra Bow
INTL_20180514_000165	Artisan Secret Recipe - Aspana Revolver
INTL_20180514_000166	Artisan Secret Recipe - Emengard Musket
INTL_20180514_000167	Artisan Secret Recipe - Emengard Cannon
INTL_20180514_000168	Artisan Secret Recipe - Emengard Shield
INTL_20180523_000169	Дает Token привилегии для всех персонажей на сервере на 60 дней. См. оставшееся время в разделе Информация о персонаже.{nl}[Token привелегии]{nl} - Возможность мгновенно изучать атрибуты{nl} - Уменьшение комиссии на аукционе с (30% {img white_right_arrow 16 16} 10%){nl} - Возможность выставить до 10 предметов на аукционе{nl} - Возможность регистрации товаров на рынке за пределами мин./макс. цен{nl} - Возможность забрать серебро с аукцион мгновенно{nl} - +50% EXP за убийство монстров{nl}(Сумируется с EXP Tome){nl}- +30 слотов к Семейному хранилищу {nl} - Возможность использовать Премиум Жесты{nl} - Возможность использовать Личный торг 60 раз
INTL_20180523_000170	Дает Token привилегии для всех персонажей на сервере на 30 дней. См. оставшееся время в разделе Информация о персонаже.{nl}[Token привелегии]{nl} - Возможность мгновенно изучать атрибуты{nl} - Уменьшение комиссии на аукционе с (30% {img white_right_arrow 16 16} 10%){nl} - Возможность выставить до 10 предметов на аукционе{nl} - Возможность регистрации товаров на рынке за пределами мин./макс. цен{nl} - Возможность забрать серебро с аукцион мгновенно{nl}- +3 к Скорости Передвижения{nl} - +50% EXP за убийство монстров{nl}(Сумируется с EXP Tome){nl}- +30 слотов к Семейному хранилищу {nl} - Возможность использовать Премиум Жесты
INTL_20180525_000171	Использовать для получения следующих костюмов.{nl} - The Invited One Costume (Male){nl} - The Invited One Costume (Female)
INTL_20180615_000172	Титул дается самым креативным игрокам. Щелкните правой кнопкой мыши, чтобы использовать.
INTL_20180615_000173	Cursed Spirit Owner
INTL_20180615_000174	Cursed Spirit
INTL_20180615_000175	Покажите это Dispatched Soldier что бы войти в Cursed Altar.{nl}В качестве альтернативы используйте +2 увеличение скорости передвижения, +50 физическая атака и +50 магическая атака на 10 минут.
INTL_20180615_000176	Вы не можете пройти мимо этой точки без Cursed Spirit.
INTL_20180615_000177	Cursed Spirit монстры, которые бродят вокруг этого места. Удачи в поимке одного.
INTL_20180615_000178	Голос на расстоянии
INTL_20180615_000179	Stone Whale можно пробудить только с помощью Cursed Spirit...
INTL_20180615_000180	У меня Cursed Spirit.
INTL_20180615_000181	{Name} пробудил Cursed Stone Whale.
INTL_20180723_000182	Титул присвоен победителю 2018 летнего фанарт фестиваля. Щелкните правой кнопкой мыши, чтобы использовать.
INTL_20180809_000183	Титул присвоен участникам события. Щелкните правой кнопкой мыши, чтобы использовать.
INTL_20180809_000184	EXP +100%, movement speed +3, max. HP increase{nl}HP, SP and Stamina recovery, AoE attack ratio +2
INTL_20180809_000185	EXP +100%, movement speed +3, Looting Chance +100{nl}HP, SP and Stamina recovery
INTL_20180809_000186	[Event] Unlock Voucher Selection Box
INTL_20180809_000187	Hidden Class Unlock Voucher Box {nl} List of Unlockable Classes {nl} - Shinobi Unlock Voucher {nl} - Miko Unlock Voucher {nl} - Rune Caster Unlock Voucher {nl} - Appraiser Unlock Voucher {nl} - Nak Muay Unlock Voucher{nl}Will be automatically deleted at the end of the event period.
INTL_20180809_000188	[Event] Lv 350 Enhanced/Transcended Weapon Selection Box
INTL_20180809_000189	Используйте что бы выбрать редкое оружие 350 ур с заточкой +11 и уровнем трансцендности 5.{nl}Заточка и трансцендность будут применены после выбора оружия.{nl}Коробка будет удалена автоматически после окончания события.
INTL_20180809_000190	Титул присвоен участникам события. Щелкните правой кнопкой мыши, чтобы использовать.
INTL_20180809_000191	[Friend] Berthas Raffye Sword 
INTL_20180809_000192	[Friend] Berthas Raffye Two-handed Sword
INTL_20180809_000193	[Friend] Berthas Raffye Rod
INTL_20180809_000194	[Friend] Berthas Raffye Bow
INTL_20180809_000195	[Friend] Berthas Raffye Crossbow
INTL_20180809_000196	[Friend] Berthas Raffye Mace
INTL_20180809_000197	[Friend] Berthas Raffye Two-handed Mace
INTL_20180809_000198	[Friend] Berthas Raffye Shield 
INTL_20180809_000199	[Friend] Berthas Raffye Spear 
INTL_20180809_000200	[Friend] Berthas Raffye Pike 
INTL_20180809_000201	[Friend] Berthas Raffye Dagger
INTL_20180809_000202	[Friend] Berthas Raffye Staff
INTL_20180809_000203	[Friend] Berthas Raffye Pistol
INTL_20180809_000204	[Friend] Berthas Raffye Rapier
INTL_20180809_000205	[Friend] Berthas Raffye Cannon
INTL_20180809_000206	[Friend] Berthas Raffye Musket 
INTL_20180809_000207	[Event] Miko Unlock Voucher
INTL_20180809_000208	Используйте что бы открыть Класс Miko после достижения 6 ранга. Щелкните правой кнопкой мыши, чтобы использовать.{nl}Будет удалено автоматически после окончания события.
INTL_20180809_000209	[Event] Appraiser Unlock Voucher
INTL_20180809_000210	Используйте что бы открыть Класс Appraiser после достижения 5 ранга. Щелкните правой кнопкой мыши, чтобы использовать.{nl}Будет удалено автоматически после окончания события.
INTL_20180809_000211	[Event] Rune Caster Unlock Voucher
INTL_20180809_000212	Используйте что бы открыть Класс Rune Caster после достижения 6 ранга. Щелкните правой кнопкой мыши, чтобы использовать.{nl}Будет удалено автоматически после окончания события.
INTL_20180809_000213	[Event] Shinobi Unlock Voucher
INTL_20180809_000214	Используйте что бы открыть Класс Shinobi после достижения 7 ранга. Щелкните правой кнопкой мыши, чтобы использовать.{nl}Будет удалено автоматически после окончания события.
INTL_20180809_000215	[Event] Nak Muay Unlock Voucher
INTL_20180809_000216	Используйте что бы открыть Класс Nak Muay после достижения 7 ранга. Щелкните правой кнопкой мыши, чтобы использовать.{nl}Будет удалено автоматически после окончания события.
INTL_20180809_000217	2018 Leticia's Treasure Chest (Сезон 1)
INTL_20180809_000218	Invite a Friend Event Helper
INTL_20180809_000219	Событие Invite Friend началось!{nl}Зайдите с другом что бы получить бафф и награды!
INTL_20180809_000220	Вы не имеете права участвовать в событии.
INTL_20180809_000221	Team {#003399}{team}{/} нет персонажа выше 50 ур.
INTL_20180809_000222	Получить {#003399}{team}{/}'s Support
INTL_20180809_000223	{#003399}{team}{/} теперь в сети.{nl}Бафф получен.
INTL_20180809_000224	Invite a Friend' Helper
INTL_20180817_000225	[Event] Enhanced/Transcended Weapon Selection Box (14 Дней)
INTL_20180817_000226	Используйте на 230 ур и выше что бы выбрать редкое оружие 315 ур (30 Дней) заточка +10 и уровнем трансцендности 5.{nl}(Заточка и трансцендность будут применены после выбора оружия.)
INTL_20180817_000227	[Return] Abdochar (30 Дней)
INTL_20180817_000228	[Return] Sarkmis (30 Дней)
INTL_20180817_000229	[Return] Skull Smasher (30 Дней)
INTL_20180817_000230	[Return] Regard Horn Staff (30 Дней)
INTL_20180817_000231	[Return] Heart of Glory (30 Дней)
INTL_20180817_000232	[Return] Skull Breaker (30 Дней)
INTL_20180817_000233	[Return] Emengard Dagger (30 Дней)
INTL_20180817_000234	[Return] Wingshard Spear (30 Дней)
INTL_20180817_000235	[Return] Regard Horn Pike (30 Дней)
INTL_20180817_000236	[Return] Black Horn (30 Дней)
INTL_20180817_000237	[Return] Regard Horn Crossbow (30 Дней)
INTL_20180817_000238	[Return] Astra Bow (30 Дней)
INTL_20180817_000239	[Return] Aspana Revolver (30 Дней)
INTL_20180817_000240	[Return] Emengard Cannon (30 Дней)
INTL_20180817_000241	[Return] Emengard Musket (30 Дней)
INTL_20180817_000242	[Return] Emengard Shield (30 Дней)
INTL_20180827_000243	Титул дается создателям игрового руководства. Щелкните правой кнопкой мыши, чтобы использовать.
INTL_20180903_000244	{ds}{b}{#ffefd6}30 мин: {#fe7e00}10 ОЧКОВ
INTL_20180903_000245	Пожалуйста, попробуйте еще раз.
INTL_20180903_000246	Не удалось приобрести товар. Пожалуйста, попробуйте еще раз.
INTL_20180903_000247	Недостаточно Popo Points.
INTL_20180907_000248	Использовать функцию сохранения/загрузки системных сообщений Mongo DB Y/N
INTL_20180914_000249	Combat Support Shop Voucher (14 Дней)
INTL_20180914_000250	Открывает магазин, где можно приобрести зелья, расходные материалы и другие полезные предметы.
INTL_20180914_000251	Combat Support Shop Voucher
INTL_20180914_000252	2018 Leticia's Treasure Chest (Сезон 2)
INTL_20180928_000253	Титул дается победителям 2018 Halloween фан арт события. Щелкните правой кнопкой мыши, чтобы использовать.
INTL_20181026_000254	Вы бы выбрали 10-кратное вознаграждение за участие?
INTL_20181026_000255	Skill Reset Potion (14 Дней) и Latte Art: Bunny
INTL_20181026_000256	Skill Reset Potion (14 Дней) и Latte Art: Kitty
INTL_20181104_000257	2018 Leticia's Treasure Chest (Сезон 3)
INTL_20181111_000258	Unique Talt
INTL_20181111_000259	Можно обменять на предмет экипировки в устройстве обработки Talt.
INTL_20181111_000260	Unique Unidentified Two-handed Weapon Box
INTL_20181111_000261	Выбирите и получите не идентифицированную экипировку 380 ур. {nl}Товар будет без временных и торговых ограничений.
INTL_20181111_000262	Unique Unidentified One-handed Weapon Box
INTL_20181111_000263	Unique Unidentified Top Armor Box
INTL_20181111_000264	Unique Unidentified Bottom Armor Box
INTL_20181111_000265	Unique Unidentified Gloves Box
INTL_20181111_000266	Unique Unidentified Boots Box
INTL_20181111_000267	Функция компиляции данных трассировки, когда FPS сервера зоны падает ниже 2 кадров
INTL_20181116_000268	Титул дается победителям события TOS дизайн оружия. Щелкните правой кнопкой мыши, чтобы использовать.
INTL_20181116_000269	Talt Processing Device
INTL_20181211_000270	Используйте для получения одного случайного предмета брони Primus 380 ур.
INTL_20181211_000271	Используйте для получения одного случайного оружия\доп оружия Primus 380 ур.
INTL_20181229_000272	2018 Leticia's Treasure Chest (Сезон 4)
INTL_20190102_000273	{@st66b}Колекция
INTL_20190104_000274	Титул дается победителям New Year's фан арт события. Щелкните правой кнопкой мыши, чтобы использовать.
INTL_20190112_000275	Этот предмет можно использовать только для изменения внешнего вида другого.{nl}Не потребляет серебро при использовании в качестве внешнего материала.{nl}Можно обменять на медали в Exchange Shop.{nl}(этот костюм был разработан Lunmairetic с [SA] Silute.)
INTL_20190216_000276	PP Shop 100 Points Voucher
INTL_20190216_000277	Используй что бы получить 100 Popo Points.{nl} - используется только в период события Popo Point Shop.
INTL_20190216_000278	PP Shop 500 Points Voucher
INTL_20190216_000279	Используй что бы получить 500 Popo Points.{nl} - используется только в период события Popo Point Shop.
INTL_20190216_000280	PP Shop 1,000 Points Voucher
INTL_20190216_000281	Используй что бы получить 1,000 Popo Points.{nl} - используется только в период события Popo Point Shop.
INTL_20190216_000282	HP Potion (1 день)
INTL_20190216_000283	Мгновенно восстанавливает 40% от макс. HP. {nl}Дополнительно восстанавливает еще 40% HP каждые 2 секунды в течении 11 секунд. {nl}Щелкните правой кнопкой мыши, чтобы использовать. Перезарядка 20 секунд.
INTL_20190216_000284	HP Potion (7 дней)
INTL_20190216_000285	Мгновенно восстанавливает 40% от макс. SP. {nl}Дополнительно восстанавливает еще 40% SP каждые 2 секунды в течении 11 секунд. {nl}Щелкните правой кнопкой мыши, чтобы использовать. Перезарядка 20 секунд.
INTL_20190216_000286	SP Potion (1 День)
INTL_20190216_000287	SP Potion (7 Дней)
INTL_20190216_000288	Recipe - 1 День HP Potion
INTL_20190216_000289	Recipe - 7 Дней HP Potion
INTL_20190216_000290	Recipe - 1 День SP Potion
INTL_20190216_000291	Recipe - 7 Дней SP Potion
INTL_20190219_000292	Рецепт, который позволяет создавать вещи.
INTL_20190219_000293	Может использоватся только в период события Popo Point Shop.
INTL_20190219_000294	Вы не можете превышать {MAX} points.
INTL_20190228_000295	Festival Firecracker
INTL_20190228_000296	Fireworks for Everyone
INTL_20190228_000297	На доске событий можно обменять праздничные петарды на полезные предметы.{nl}(использование петарды дает movement speed +2, physical attack +50 и magic attack +50 на 10 минут.)
INTL_20190228_000298	Festival Costume Selection Box
INTL_20190228_000299	Содержит Festival Costume на ваш выбор (Male/Female).
INTL_20190228_000300	Male Festival Costume (30 дней)
INTL_20190228_000301	Причудливый наряд, чтобы носить на фестиваль. Использовать, чтобы изменить свой внешний вид.
INTL_20190228_000302	Female Festival Costume (30 Дней)
INTL_20190228_000303	Причудливый наряд, чтобы носить на фестиваль. Использовать, чтобы изменить свой внешний вид.
INTL_20190228_000304	Носите свой фестивальный костюм во время события и побеждайте монстров, чтобы собирать фестивальные петарды.{nl}После принеси мне петарды и обменяй их на другие предметы!{nl}Вы также можете использовать петарды вокруг меня, чтобы получить фейерверк бафф для всех.
INTL_20190228_000305	Применение феерверка для каждого бафа  {SEC} секунд(s).
INTL_20190228_000306	Фейерверк для всех теперь активен!
INTL_20190228_000307	Носите свой фестивальный костюм и используйте фестивальную петарду, чтобы применить фейерверк для каждого баффа.
INTL_20190305_000308	Получите специальные предметы и баффы в период проведения события!{nl}награда за посещаемость: Март с 13 по 17, 2019{nl}24-часовой бафф на Выходные : Март с 16 по 17 и Март с 23 по 24, 2019
INTL_20190309_000309	Snow Globe Cube
INTL_20190309_000310	Snow Globe Cube x10+1
INTL_20190316_000311	Receive Chocolates
INTL_20190316_000312	Событие не запущенно прямо сейчас.
INTL_20190322_000313	Титул присвоенный победителям события создание контента. Щелкните правой кнопкой мыши, чтобы использовать.
INTL_20190322_000314	Титул присвоенный участникам TOS' anniversary события. Щелкните правой кнопкой мыши, чтобы использовать.
INTL_20190405_000315	Flower Petal
INTL_20190405_000316	Хорошие вещи случаются, когда вы собираете букеты цветов.
INTL_20190405_000317	Flower Road Cube
INTL_20190405_000318	Frill Ornament Fairy Selection Box
INTL_20190405_000319	В коробке Frill Ornament Fairy Costume на ваш выбор (Male или Female). Щелкните правой кнопкой мыши, чтобы использовать.
INTL_20190405_000320	Тебе нужно Flower Petal x5.
INTL_20190405_000321	Вы можете получить Cherry Blossom Hairpin для первых 5 Flower Petals. Для ваших следующих 5 Flower Petals, можете получить Tricolor Treat Hairpin.
INTL_20190405_000322	Flower Road Event
INTL_20190419_000323	Проверьте использование Speedhack
INTL_20190501_000324	Титул дается победителям Guide Master события. Щелкните правой кнопкой мыши, чтобы использовать.
INTL_20190611_000325	Mystery Cube (Male)
INTL_20190611_000326	Mystery Cube (Female)
INTL_20190611_000327	Mystery Cube(Male) x10+1
INTL_20190611_000328	Mystery Cube (Female)) x10+1
INTL_20190628_000329	Class Change Voucher Ур. 4 (1 День){nl}Stat Reset Potion (1 День){nl}Вы можете получить каждого по 3 шт. каждый день во время события.
INTL_20190715_000330	Title - My Buddy Chupacabra
INTL_20190715_000331	Титул присвоенный участникам My Buddy Chupacabra события. Щелкните правой кнопкой мыши, чтобы использовать.
INTL_20190715_000332	Получить специальные предметы во время события.{nl}Обратитесь к доске события для подробностей.
INTL_20190723_000333	Особый вид приманки используется для рыбалки. Использование его в качестве приманки для рыбы дает вам шанс поймать [Event] Hidden Treasure Chest, серебряную рыбу и маленькую серебряную рыбу.
INTL_20190820_000334	[Burning Weekend] EXP
INTL_20190820_000335	EXP +100%
INTL_20190820_000336	[Weekend Burning] Movement Speed
INTL_20190820_000337	A material item requested by Fedimian's Blacksmith Teliavelis, used to produce special equipment.{nl}Can be obtained by clearing Velcoffer's Nest, Tomb of the White Crow Legend and Unique Raids, Challenge Mode Stage 5, Saalus missions, and level dungeons.{nl}Will be deleted at the end of the event period.
INTL_20190820_000338	2019 Summer event is under way!{nl}{#003399}We are currently exchanging [Event]Vasalos Coins{/} and supporting Guild memberships.
INTL_20190820_000339	{#003399}[Summer Festa] Summer Vacation in Klaipeda{/} Reward Exchange
INTL_20190820_000340	 Завершено: 5{nl}- Unique Raids 
INTL_20190820_000341	 Завершено: 5{nl}- Challege Mode Stage 5: 2{nl}- Saalus Mission: 1{nl}- Level Dungeon: 1
INTL_20190820_000342	NA
INTL_20190820_000343	NA
INTL_20190828_000344	This item can only be used to change the appearance of another.{nl}Does not consume Silver when used as appearance material.{nl}Can be exchanged for Medals at the Exchange Shop.{nl}(This costume is designed by Shiseptiana from [SEA] Telsiai.)
INTL_20190903_000345	Добавляет один слот персонажа в вашу Lodge.
INTL_20191024_000346	A title given to winners of 2018 Happy New Year Wishes Greetings event.	2018 Happy New Year Wishes Greetings 수상자에게 지급되는 칭호입니다.
INTL_20191024_000347	A title given to players who have collected the [Event] Revelations.	[이벤트] 계시를 찾은 구원자에게 지급되는 칭호입니다.
INTL_20191024_000348	A title given to winners of Steam Fan Art event.	스팀 팬아트 수상자에게 지급되는 칭호입니다.
INTL_20191024_000349	A title given to the most creative TPP players.	Creative TPP Player에게 지급되는 칭호입니다.
INTL_20191024_000350	A title given to winners of Loving Summer Fan Art event.	Loving Summer 팬아트 수상자에게 지급되는 칭호입니다.
INTL_20191024_000351	A title given to event participants.	이벤트 참여자에게 지급되는 칭호입니다.
INTL_20191024_000352	A title given to Game Guide Creators.	Game Guide Creator에게 지급되는 칭호입니다.
INTL_20191024_000353	A title given to winners of Halloween Fan Art event.	Horror Night 팬아트 수상자에게 지급되는 칭호입니다.
INTL_20191024_000354	A title given to winners of TOS Weapon Design event.	TOS Weapon Designer 수상자에게 지급되는 칭호입니다.
INTL_20191024_000355	A title given to winners of New Year's Artist event.	New Year Artist 수상자에게 지급되는 칭호입니다.
INTL_20191024_000356	A title given to winners of Content Creator event.	Content Creator 수상자에게 지급되는 칭호입니다.
INTL_20191024_000357	A title given to winners of Happy Anniversary event.	Happy Anniversary 수상자에게 지급되는 칭호입니다.
INTL_20191024_000358	A title given to winners of Guide Master event.	Guide Master 수상자에게 지급되는 칭호입니다.
INTL_20191024_000359	[Grimoire Equip Effect] Summons Demon Lord Marnox when using Summoning{nl}[Cannot be traded]	[그리모어 장착 효과] 서모닝 사용 시 마군주 마르녹스 형태의 악마 소환{nl}[거래 불가]
INTL_20191024_000360	[Grimoire Equip Effect] Summons Demon Lord Blut when using Summoning{nl}[Cannot be traded]	[그리모어 장착 효과] 서모닝 사용 시 마군주 블룻 형태의 악마 소환{nl}[거래 불가]
INTL_20191024_000361	[Grimoire Equip Effect] Summons Demon Lord Zaura when using Summoning{nl}[Cannot be traded]	[그리모어 장착 효과] 서모닝 사용 시 마군주 자우라 형태의 악마 소환{nl}[거래 불가]
INTL_20191024_000362	[Grimoire Equip Effect] Summons Demon Lord Nuaele when using Summoning{nl}[Cannot be traded]	[그리모어 장착 효과] 서모닝 사용 시 마군주 누아엘레 형태의 악마 소환{nl}[거래 불가]
INTL_20191024_000363	[Grimoire Equip Effect] Summons Demon Lord Helgasercle when using Summoning{nl}[Cannot be traded]	[그리모어 장착 효과] 서모닝 사용 시 마군주 헬가 세르클 형태의 악마 소환{nl}[거래 불가]
INTL_20191024_000364	[Grimoire Equip Effect] Summons Demon Lord Blut when using Summoning{nl}[Cannot be traded]{nl}[Cannot be traded]	[그리모어 장착 효과] 서모닝 사용 시 마군주 렉시퍼 형태의 악마 소환{nl}[거래 불가]
INTL_20191024_000365	[Grimoire Equip Effect] Summons Demon Lord Mirtis when using Summoning{nl}[Cannot be traded]	[그리모어 장착 효과] 서모닝 사용 시 마군주 미르티스 형태의 악마 소환{nl}[거래 불가]
INTL_20191024_000366	[Grimoire Equip Effect] Summons Demon Lord Froster Lord when using Summoning{nl}[Cannot be traded]	[그리모어 장착 효과] 서모닝 사용 시 마군주 프로스터 로드 형태의 악마 소환{nl}[거래 불가]
INTL_20191024_000367	Use to obtain one of the followig items.{nl}- Demon Lord Marnox Card [Cannot be traded] x1{nl}- Demon Lord Blut Card [Cannot be traded] x1{nl}- Demon Lord Zaura Card [Cannot be traded] x1{nl}- Demon Lord Nuaele Card [Cannot be traded] x1{nl}- Demon Lord Helgasercle Card [Cannot be traded] x1{nl}- Demon Lord Rexipher Card [Cannot be traded] x1{nl}- Demon Lord Mirtis Card [Cannot be traded] x1{nl}- Demon Lord Froster Lord Card [Cannot be traded] x1	사용 시 아래의 구성물 중 하나를 선택해 획득할 수 있습니다.{nl} - 마군주 마르녹스 카드 [거래 불가] 1개{nl} - 마군주 블룻 카드 [거래 불가] 1개{nl} - 마군주 자우라 카드 [거래 불가] 1개{nl} - 마군주 누아엘레 카드 [거래 불가] 1개{nl} - 마군주 헬가 세르클 카드 [거래 불가] 1개{nl} - 마군주 렉시퍼 카드 [거래 불가] 1개{nl} - 마군주 미르티스 카드 [거래 불가] 1개{nl} - 마군주 프로스터 로드 카드 [거래 불가] 1개
INTL_20191104_000368	Event: Halloween Uphill Defense	이벤트: 와글와글 할로윈 업힐 디펜스
INTL_20191104_000369	Event: Halloween Midnight Rumble	이벤트: 할로윈 밤의 소동
INTL_20191104_000370	Halloween Midnight Rumble Helper	할로윈 밤의 소동 이벤트 도우미
INTL_20191203_000371	+90% EXP gained from hunting monsters{nl}+3 movement speed{nl}+500 max. HP	몬스터 처치 시 획득 경험치 +90%{nl}이동 속도 +3{nl}최대 체력 + 500
INTL_20191203_000372	+120% EXP gained from hunting monsters{nl}+4 movement speed{nl}+1000 max. HP	몬스터 처치 시 획득 경험치 +120%{nl}이동 속도 +4{nl}최대 체력 + 1000
INTL_20191203_000373	+150% EXP gained from hunting monsters{nl}+5 movement speed{nl}+2000 max. HP	몬스터 처치 시 획득 경험치 +150%{nl}이동 속도 +5{nl}최대 체력 + 2000
INTL_20191203_000374	Use the {#FF0000}[Event] Royal Christmas Key{/} to open the chest?	{#FF0000}[이벤트] 로열 크리스마스 열쇠{/}를 사용하여 상자를 여시겠습니까?
INTL_20191203_000375	Can only be accessed during the weekends.	주말에만 대화하실 수 있습니다.
INTL_20191205_000376	Use to open the Christmas Royal Chest in Klaipeda to obtain a reward item at random from the following listed.{nl}[Event] Attribute Points 10,000 x1{nl}, [Event] Attribute Points 1,000 x1{nl}- [Event] Attribute Points 500 x1, Raid Portal Stone x3{nl}- Goddess Sculpture (14 Days) x5, Miracle Seed (14 Days) x5{nl}- [Event] Guild Quest Reward Coin: Silver x1}{nl}Will be automatically deleted at the end of the event period.	클라페다에 위치한 크리스마스 로열 상자를 열어 아래 아이템 중 각기 다른 확률로 한 개의 아이템을 획득할 수 있습니다.{nl}[이벤트]특성 포인트 10,000 x1{nl}[이벤트]특성 포인트 1,000 x1{nl}[이벤트]특성 포인트 500 x1{nl}축복이 깃든 씨앗(14일) x1{nl}여신의 조각상(14일) x1{nl}[이벤트] 길드 퀘스트 보상 주화 : 은 x1{nl}레이드 포탈 스톤 x1{nl}19년 12월 26일 점검시, 일괄 삭제됩니다.
INTL_20191216_000377	{img test_cooltime 25 25}{s18}Points are reset every quarter.	{img test_cooltime 25 25}{s18}매 분기마다 포인트 초기화가 진행됩니다.
INTL_20191216_000378	 {nl}Please select a reward.	 {nl}원하는 보상을 선택해주세요.
INTL_20191230_000379	Can only be accessed on Fridays, Saturdays and Sundays.	금,토,일에만 대화하실 수 있습니다.
